,,,,,,,,,,,,,,,,,,,,,,,,,,,,,,,,,,,,,,,,,,,,,,,,,,,,,,,,,,,,,,,,,,,,,,,,,,,,,,,,,,,,,,,,,,,,,,,,,,,,,,,,,,,,,,,,,,,,,,,,
,,0,입/출력 X,,,,,,,,,,,,,,,,,,,,,,,,,,,,,,,,,,,,,,,,,,,,,,,,,,,,,,,,,,,,,,,,,,,,,,,,,,,,,,,,,,,,,,,,,,,,,,,,,,,,,,,,,,,,,,,,,,,,,
,,1,필수 입/출력값,,,,,,,,,,,,,,,,,,,,,,,,,,,,,,,,,,,,,,,,,,,,,,,,,,,,,,,,,,,,,,,,,,,,,,,,,,,,,,,,,,,,,,,,,,,,,,,,,,,,,,,,,,,,,,,,,,,,,
,,2,경우에 따라 입/출력 여부 달라짐,,,,,,,,,,,,,,,,,,,,,,,,,,,,,,,,,,,,,,,,,,,,,,,,,,,,,,,,,,,,,,,,,,,,,,,,,,,,,,,,,,,,,,,,,,,,,,,,,,,,,,,,,,,,,,,,,,,,,
,,,,,,,,,,,,,,,,,,,,,,,,,,,,,,,,,,,,,,,,,,,,,,,,,,,,,,,,,,,,,,,,,,,,,,,,,,,,,,,,,,,,,,,,,,,,,,,,,,,,,,,,,,,,,,,,,,,,,,,,
,,,,,,,,,,,,,,,,,,,,,,,,,,,,,,,,,,,,,,,,,,,,,,,,,,,,,,,,,,,,,,,,,,,,,,,,,,,,,,,,,,,,,,,,,,,,,,,,,,,,,,,,,,,,,,,,,,,,,,,,
,,,,,,,,,,,,,,,,,,,,,,,,,,,,,,,,,,,,,,,,,,,,,,,,,,,,,,,,,,,,,,,,,,,,,,,,,,,,,,,,,,,,,,,,,,,,,,,,,,,,,,,,,,,,,,,,,,,,,,,,
,,Job: 수시거래내역조회,,,,,,,,,,,,,,,,,,,,,,,,,,,,,,,,,,,,,,,,,,,,,,,,,,,,,,,,,,,,,,,,,,,,,,,,,,,,,,,,,,,,,,,,,,,,,,,,,,,,,,,,,,,,,,,,,,,,,,
,,,,,,,,,,,,,,,,,,,,,,,,,,,,,,,,,,,,,,,,,,,,,,,,,,,,,,,,,,,,,,,,,,,,,,,,,,,,,,,,,,,,,,,,,,,,,,,,,,,,,,,,,,,,,,,,,,,,,,,,
,,구분,항   목,,,설   명,기관별,,,,,,,,,,,,,,,,,,,,,,,,,,,,,,,,,,,,,,,,,,,,,,,,,,,,,,,,,,,,,,,,,,,,,,,,,,,,,,,,,,,,,,,,,,,,,,,,,,,,,,,,,,,,,,,,,
,,,기관명,,,,산업,,기업,,국민,,수협,,농협,,우리,,스탠다드차타드,,,,신한,,시티,,대구,,부산,,광주,,제주,,전북,,경남,,새마을,,우체국,,하나,,,신협,,K뱅크,,카카오뱅크,산림조합,"우리금융 
저축은행",우리 저축은행,"스마트
저축은행","금화
저축은행","인성
저축은행","안양 
저축은행","바로
저축은행","부림 
저축은행","JT친애 
저축은행","청주 
저축은행","더블 
저축은행","다올 
저축은행","ST
 저축은행","IBK 
저축은행","인천 
저축은행","진주
 저축은행","한국투자 
저축은행","키움YES 
저축은행","민국
 저축은행","모아
 저축은행","OK 
저축은행","상상인 
저축은행","세람 
저축은행","The-K
 저축은행","융창 
저축은행","BNK 
저축은행","하나 
저축은행","DB 
저축은행","KB 
저축은행","푸른 
저축은행","페퍼
저축은행","SBI 
저축은행",,"신한 
저축은행","JT
저축은행","흥국
저축은행","스카이
저축은행",웰컴저축은행,,"NH
저축은행","예가람
저축은행","유안타
저축은행","조은
저축은행","공평
저축은행","삼정
저축은행","안국
저축은행","남양
저축은행","평택
저축은행","한화
저축은행","고려
저축은행","조흥
저축은행","강원
저축은행","구미
저축은행","드림
저축은행","삼일
저축은행","유니온
저축은행","참
저축은행","대한
저축은행","동양
저축은행","삼호
저축은행","세종
저축은행","아산
저축은행","MS
저축은행","애큐온
저축은행","오투
저축은행","대신
저축은행","HB
저축은행",상상인플러스저축은행,"OSB
저축은행"
,,"입력
(Input)",모듈명(Module),,,,kdb,,ibk,,kbstar,,suhyupbank,,nonghyup,,wooribank,,standardchartered,,,,shinhan,,citibank,,dgb,,busanbank,,kjbank,,jejubank,,jbbank,,knbank,,kfcc,,epostbank,,hanabank,,,cu,,kbank,,"kakao
bank",nfcf,"fsb_a_aju
aju",fsb_a_wooribank,fsb_a_smart,fsb_a_kuemhwa,fsb_a_insung,fsb_a_anyang,fsb_a_baro,fsb_a_bulim,fsb_a_chinae,fsb_a_cjbank,fsb_a_double,fsb_a_hdsb,fsb_a_hisntm,fsb_a_ibksb,fsb_a_incheonbank,fsb_a_jinju,fsb_a_kibank,"fsb_a_kiwoomyes
kiwoomyes",fsb_a_mkb,fsb_a_moa,fsb_a_ok,fsb_a_sangsanginsb,fsb_a_seram,fsb_a_thek,fsb_a_ycbank,fsb_bnksb,fsb_hanasavings,fsb_idbsb,fsb_kbsavings,fsb_prsb,fsb_a_pepper,fsb_sbisb,,fsb_shinhansavings,fsb_a_jt,fsb_a_ehkbank,fsb_a_sky,fsb_welcomebank,,fsb_nhsavings,fsb_a_yegaram,fsb_a_yuanta,fsb_a_choeunbank,fsb_a_gpsavings,fsb_a_sjbank,fsb_a_anguk,fsb_a_nybank,fsb_a_ptbank,fsb_a_hanwhas,fsb_a_goryo,fsb_a_chbank,fsb_a_gangwon,fsb_a_gumibank,fsb_a_dreamsb,fsb_a_samil,fsb_a_unionsb,fsb_a_charm,fsb_a_daehan,fsb_a_dy,fsb_a_samhosb,fsb_a_sejong,fsb_a_asanbank,fsb_a_ms,fsb_acuonsb,fsb_a_o2bank,fsb_daishin,fsb_a_hbsb,fsb_a_sangsanginplussb,fsb_osb
,,,클래스명(Class),,,,개인뱅킹,기업뱅킹,개인뱅킹,기업뱅킹,개인뱅킹,기업뱅킹,개인뱅킹,기업뱅킹,개인뱅킹,기업뱅킹,개인뱅킹,기업뱅킹,개인뱅킹,비스니스뱅킹,S2B,NextGen,개인뱅킹,기업뱅킹,개인뱅킹,기업뱅킹,개인뱅킹,기업뱅킹,개인뱅킹,기업뱅킹,개인뱅킹,기업뱅킹,개인뱅킹,기업뱅킹,개인뱅킹,기업뱅킹,개인뱅킹,기업뱅킹,개인뱅킹,기업뱅킹,개인뱅킹,기업뱅킹,개인뱅킹,기업뱅킹,CMSiNet,개인뱅킹,기업뱅킹,개인뱅킹,기업뱅킹,기업뱅킹,인터넷뱅킹,인터넷뱅킹,인터넷뱅킹,인터넷뱅킹,인터넷뱅킹,인터넷뱅킹,인터넷뱅킹,인터넷뱅킹,인터넷뱅킹,인터넷뱅킹,인터넷뱅킹,인터넷뱅킹,인터넷뱅킹,인터넷뱅킹,인터넷뱅킹,인터넷뱅킹,인터넷뱅킹,인터넷뱅킹,인터넷뱅킹,인터넷뱅킹,인터넷뱅킹,인터넷뱅킹,인터넷뱅킹,인터넷뱅킹,인터넷뱅킹,인터넷뱅킹,인터넷뱅킹,인터넷뱅킹,인터넷뱅킹,인터넷뱅킹,인터넷뱅킹,인터넷뱅킹,개인뱅킹,기업뱅킹,인터넷뱅킹,인터넷뱅킹,기업뱅킹,인터넷뱅킹,개인뱅킹,기업뱅킹,인터넷뱅킹,인터넷뱅킹,인터넷뱅킹,인터넷뱅킹,인터넷뱅킹,인터넷뱅킹,인터넷뱅킹,인터넷뱅킹,인터넷뱅킹,인터넷뱅킹,인터넷뱅킹,인터넷뱅킹,인터넷뱅킹,인터넷뱅킹,인터넷뱅킹,인터넷뱅킹,인터넷뱅킹,인터넷뱅킹,인터넷뱅킹,인터넷뱅킹,인터넷뱅킹,인터넷뱅킹,인터넷뱅킹,인터넷뱅킹,인터넷뱅킹,인터넷뱅킹,인터넷뱅킹,인터넷뱅킹,인터넷뱅킹,인터넷뱅킹
,,,계좌번호,,,,1,1,1,1,1,1,1,1,1,1,1,1,1,1,1,1,1,1,1,1,1,1,1,1,1,1,1,1,1,1,1,1,1,1,1,1,1,1,1,1,1,1,1,1,1,1,1,1,1,1,1,1,1,1,1,1,1,1,1,1,1,1,1,1,1,1,1,1,1,1,1,1,1,1,1,1,1,1,1,1,1,1,1,1,1,1,1,1,1,1,1,1,1,1,1,1,1,1,1,1,1,1,1,1,1,1,1,1,1,1,1,1,1,1
,,,조회시작일,,,,1,1,1,1,1,1,1,1,1,1,1,1,1,1,1,2(주1),1,1,1,1,1,1,1,1,1,1,1,1,1,1,1,1,1,1,1,1,1,1,1,1,1,1,1,1,1,1,1,1,1,1,1,1,1,1,1,1,1,1,1,1,1,1,1,1,1,1,1,1,1,1,1,1,1,1,1,1,1,1,1,1,1,1,1,1,1,1,1,1,1,1,1,1,1,1,1,1,1,1,1,1,1,1,1,1,1,1,1,1,1,1,1,1,1,1
,,,조회종료일,,,,1,1,1,1,1,1,1,1,1,1,1,1,1,1,1,0,1,1,1,1,1,1,1,1,1,1,1,1,1,1,1,1,1,1,1,1,1,1,1,1,1,1,1,1,1,1,1,1,1,1,1,1,1,1,1,1,1,1,1,1,1,1,1,1,1,1,1,1,1,1,1,1,1,1,1,1,1,1,1,1,1,1,1,1,1,1,1,1,1,1,1,1,1,1,1,1,1,1,1,1,1,1,1,1,1,1,1,1,1,1,1,1,1,1
,,,거래검증유무,,,"XX(정렬순서검증, 중복결과검증) 1,미입력:.검증, 0: 미검증",0,2,0,2,2,2,2,2,0,2,0,2,0,2,2,2,0,2,0,2,0,2,0,2,0,2,0,2,0,2,0,2,0,2,0,2,0,2,0,0,2,0,2,2,2,,,,,,,,,,,,,,,,,,,,,,,,,,,,,,,,,,,,,,,,,,,,,,,,,,,,,,,,,,,,,,,,,,,,,
,,,딜레이,,,(ms),0,2,0,2,2,2,2,2,0,2,0,2,0,2,2,2,0,2,0,2,0,2,0,2,0,2,0,2,0,2,0,2,0,2,0,2,0,2,0,0,2,0,2,2,2,,,,,,,,,,,,,,,,,,,,,,,,,,,,,,,,,,,,,,,,,,,,,,,,,,,,,,,,,,,,,,,,,,,,,
,,,계좌비밀번호,,,,0,0,0,0,0,0,0,0,0,0,0,0,2,0,0,0,0,0,0,0,0,0,0,0,0,0,0,0,0,0,0,0,0,0,0,0,0,0,0,0,0,0,0,0,,0,0,0,0,0,0,0,0,0,0,0,0,0,0,0,0,0,0,0,0,0,0,0,0,0,0,0,0,0,0,0,0,0,0,0,0,0,0,0,0,0,0,0,0,0,0,0,0,0,0,0,0,0,0,0,0,0,0,0,0,0,0,0,0,0,0,0,0,
,,,페이지별건수,,,,,2,,2,,2,,2,,2,,2,2,2,2,2,,2,0,2,,2,,2,,2,,2,,2,,2,,2,,2,,2,,,2,,2,2,,,,,,,,,,,,,,,,,,,,,,,,,,,,,,,,,,,,,,,,,,,,,,,,,,,,,,,,,,,,,,,,,,,,,,
,,,조회구분,,,,,,,,,2(주4),,,,,,,,,,,,,0,2(주3),,,,,,,,,,,,,,2(주2),,,,0,,,,,,,,,,,,,,,,,,,,,,,,,,,,,,,,,,,,,,,,,,,,,,,,,,,,,,,,,,,,,,,,,,,,,,,,,,,,
,,,검색구분,,,,,,,,,,,,,,,,,,,,,,,,,,,,,,,,,,,,,,,,,2(주5),,,,,,,,,,,,,,,,,,,,,,,,,,,,,,,,,,,,,,,,,,,,,,,,,,,,,,,,,,,,,,,,,,,,,,,,,,,,
,,,,,,,,,,,,,,,,,,,,,,,,,,,,,,,,,,,,,,,,,,,,,,,,,,,,,,,,,,,,,,,,,,,,,,,,,,,,,,,,,,,,,,,,,,,,,,,,,,,,,,,,,,,,,,,,,,,,,,,,
,,"출력
(Output)",,,,,,,,,,,,,,,,,,,,,,,,,,,,,,,,,,,,,,,,,,,,,,,,,,,,,,,,,,,,,,,,,,,,,,,,,,,,,,,,,,,,,,,,,,,,,,,,,,,,,,,,,,,,,,,,,,,,,,
,,,ErrorCode,,,,1,1,1,1,1,1,1,1,1,1,1,1,1,1,1,1,1,1,1,1,1,1,1,1,1,1,1,1,1,1,1,1,1,1,1,1,1,1,1,1,1,1,1,1,,1,1,1,1,1,1,1,1,1,1,1,1,1,1,1,1,1,1,1,1,1,1,1,1,1,1,1,1,1,1,1,1,1,1,1,1,1,1,1,1,1,1,1,1,1,1,1,1,1,1,1,1,1,1,1,1,1,1,1,1,1,1,1,1,1,1,1,1,1
,,,ErrorMessage,,,,2,2,2,2,2,2,2,2,2,2,2,2,2,2,2,2,2,2,2,2,2,2,2,2,2,2,2,2,2,2,2,2,2,2,2,2,2,2,2,2,2,2,2,2,,2,2,2,2,2,2,2,2,2,2,2,2,2,2,2,2,2,2,2,2,2,2,2,2,2,2,2,2,2,2,2,2,2,2,2,2,2,2,2,2,2,2,2,2,2,2,2,2,2,2,2,2,2,2,2,2,2,2,2,2,2,2,2,2,2,2,2,2,2
,,,Result,,,,1,1,1,1,1,1,1,1,1,1,1,1,1,1,1,1,1,1,1,1,1,1,1,1,1,1,1,1,1,1,1,1,1,1,1,1,1,1,1,1,1,1,1,1,,1,1,1,1,1,1,1,1,1,1,1,1,1,1,1,1,1,1,1,1,1,1,1,1,1,1,1,1,1,1,1,1,1,1,1,1,1,1,1,1,1,1,1,1,1,1,1,1,1,1,1,1,1,1,1,1,1,1,1,1,1,1,1,1,1,1,1,1,1
,,,,페이지번호,,,,2,,,,2,,2,,2,,2,2,2,2,2,,2,,,,2,,,,,,,,,,,,2,,2,,2,,,2,,2,2,,,,,,,,,,,,,,,,,,,,,,,,,,,,,,,,,,,,,,,,,,,,,,,,,,,,,,,,,,,,,,,,,,,,,,
,,,,내역정렬순서,,0: 최신순 / 1: 과거순,1,1,1,1,1,1,1,1,1,1,1,1,1,1,1,1,1,1,1,1,1,1,1,1,1,1,1,1,1,1,1,1,1,1,1,1,1,1,1,1,1,1,1,1,1,1,1,1,1,1,1,1,1,1,1,1,1,1,1,1,1,1,1,1,1,1,1,1,1,1,1,1,1,1,1,1,1,1,1,1,1,1,1,1,1,1,1,1,1,1,1,1,1,1,1,1,1,1,1,1,1,1,1,1,1,1,1,1,1,1,1,1,1,1
,,,,수시거래내역조회,,,,,,,,,,,,,,,,,,,,,,,,,,,,,,,,,,,,,,,,,,,,,,,,,,,,,,,,,,,,,,,,,,,,,,,,,,,,,,,,,,,,,,,,,,,,,,,,,,,,,,,,,,,,,,,,,,,,
,,,,,거래일자,,1,1,1,1,1,1,2,1,1,1,1,1,1,1,1,1,1,1,1,1,1,1,2,1,1,1,1,1,1,1,1,1,1,1,1,1,1,1,1,1,1,1,1,1,1,1,1,1,1,1,1,1,1,1,1,1,1,1,1,1,1,1,1,1,1,1,1,1,1,1,1,1,1,1,1,1,1,1,1,1,1,1,1,1,1,1,1,1,1,1,1,1,1,1,1,1,1,1,1,1,1,1,1,1,1,1,1,1,1,1,1,1,1,1
,,,,,거래시각,,2,1,1,1,1,1,1,1,1,1,1,1,1,1,1,1,1,2,1,1,1,1,1,1,1,1,1,1,1,1,1,1,1,1,1,1,1,1,0,1,1,1,1,1,1,1,1,1,1,1,1,1,1,1,1,1,1,1,1,1,1,1,1,1,1,1,1,1,1,1,1,1,0,1,1,1,1,1,1,1,1,1,1,1,0,1,1,1,1,1,1,1,1,1,1,1,1,1,1,1,1,1,1,1,1,1,1,1,0,1,1,1,1,1
,,,,,통화코드,,1,1,1,1,1,0,1,0,1,1,1,0,1,0,0,0,0,0,1,0,1,0,1,0,0,1,1,0,0,0,1,0,0,0,1,1,0,0,0,0,0,0,0,0,0,0,0,0,0,0,0,0,0,0,0,0,0,0,0,0,0,0,0,0,0,0,0,0,0,0,0,0,0,0,0,0,0,0,0,0,0,0,0,0,0,0,0,0,0,0,0,0,0,0,0,0,0,0,0,0,0,0,0,0,0,0,0,0,0,0,0,0,0,0
,,,,,출금액,,1,1,1,1,1,1,1,1,1,1,1,1,1,1,1,1,1,1,1,1,1,1,1,1,1,1,1,1,1,1,1,1,1,1,1,1,1,1,1,1,1,1,1,1,1,1,1,1,1,1,1,1,1,1,1,1,1,1,1,1,1,1,1,1,1,1,1,1,1,1,1,1,1,1,1,1,1,1,1,1,1,1,1,1,2,1,1,1,1,1,1,1,1,1,1,1,1,1,1,1,1,1,1,1,1,1,1,1,1,1,1,1,1,1
,,,,,입금액,,1,1,1,1,1,1,1,1,1,1,1,1,1,1,1,1,1,1,1,1,1,1,1,1,1,1,1,1,1,1,1,1,1,1,1,1,1,1,1,1,1,1,1,1,1,1,1,1,1,1,1,1,1,1,1,1,1,1,1,1,1,1,1,1,1,1,1,1,1,1,1,1,1,1,1,1,1,1,1,1,1,1,1,1,2,1,1,1,1,1,1,1,1,1,1,1,1,1,1,1,1,1,1,1,1,1,1,1,1,1,1,1,1,1
,,,,,거래후잔액,,1,1,1,1,1,1,1,1,1,1,1,1,1,1,1,1,1,1,1,1,1,1,1,1,1,1,1,1,1,1,1,1,1,1,1,1,1,1,1,1,1,1,1,1,1,1,1,1,1,1,1,1,1,1,1,1,1,1,1,1,1,1,1,1,1,1,1,1,1,1,1,1,1,1,1,1,1,1,1,1,1,1,1,1,1,1,1,1,1,1,1,1,1,1,1,1,1,1,1,1,1,1,1,1,1,1,1,1,1,1,1,1,1,1
,,,,,기재사항1,,2,2,2,2,2,2,2,2,2,2,2,2,2,2,2,1,2,2,2,2,2,2,2,2,2,2,2,2,2,2,2,2,2,2,2,2,2,2,2,2,2,2,2,2,2,2,2,2,2,2,2,2,2,2,2,2,2,2,2,2,2,2,2,2,2,2,2,2,2,2,2,2,2,2,2,2,2,2,2,2,2,2,2,2,2,2,2,2,2,2,2,2,2,2,2,2,2,2,2,2,2,2,2,2,2,2,2,2,2,2,2,2,2,1
,,,,,기재사항2,,0,0,2,0,2,2,0,0,2,1,0,0,2,2,0,0,0,2,0,2,2,2,0,2,2,2,0,0,0,0,2,2,2,2,0,0,2,2,2,0,0,2,0,2,0,0,0,0,0,0,0,0,0,0,0,0,0,0,0,0,0,0,0,0,0,0,0,0,0,0,0,2,2,0,0,0,2,2,0,0,0,0,2,2,0,0,0,0,0,0,0,0,0,0,0,0,0,0,0,0,0,0,0,0,0,0,0,0,0,0,0,0,0,0
,,,,,거래수단1,,2,2,2,2,2,1,2,2,2,1,2,2,2,2,2,0,2,2,0,2,2,2,2,2,2,2,2,2,2,2,2,2,2,2,2,2,2,2,2,2,2,0,2,0,2,0,0,0,0,0,0,0,0,0,0,0,0,0,0,0,0,0,0,0,0,0,0,0,0,0,0,2,2,2,2,0,0,0,0,0,0,0,2,2,2,0,0,0,0,0,0,0,0,0,0,0,0,0,0,0,0,0,0,0,0,0,0,0,2,0,2,0,0,1
,,,,,거래수단2,,0,0,0,2,2,1,2,2,0,2,2,2,0,0,2,0,2,2,2,2,2,2,2,2,2,2,2,2,2,2,2,2,0,0,2,2,0,2,2,2,2,0,0,0,2,0,0,0,0,0,0,0,0,0,0,0,0,0,0,0,0,0,0,0,0,0,0,0,0,0,0,0,0,2,0,0,0,0,0,0,0,0,2,2,0,0,0,0,0,0,0,0,0,0,0,0,0,0,0,0,0,0,0,0,0,0,0,0,0,0,0,0,0,0
,,,,,거래수단3,,0,0,0,0,0,0,0,0,0,0,0,0,0,0,0,0,0,0,0,0,0,0,0,0,0,2,0,0,0,0,0,0,0,0,0,0,0,0,,0,0,0,0,0,0,0,0,0,0,0,0,0,0,0,0,0,0,0,0,0,0,0,0,0,0,0,0,0,0,0,0,0,0,0,0,0,0,0,0,0,0,0,0,0,0,0,0,0,0,0,0,0,0,0,0,0,0,0,0,0,0,0,0,0,0,0,0,0,0,0,0,0,0,0
,,,,,계좌번호,,1,1,1,1,1,1,1,1,1,1,1,1,1,1,1,1,1,1,1,1,1,1,1,1,1,1,1,1,1,1,1,1,1,1,1,1,1,1,1,1,1,1,1,1,1,1,1,1,1,1,1,1,1,1,1,1,1,1,1,1,1,1,1,1,1,1,1,1,1,1,1,1,1,1,1,1,1,1,1,1,1,1,1,1,1,1,1,1,1,1,1,1,1,1,1,1,1,1,1,1,1,1,1,1,1,1,1,1,1,1,1,1,1,1
,,,,,상대계좌예금주명,,,,2,2,,,,,,,,,,,,,,,0,0,,,,,,,,,,,,,,,,,,,,,,,,,,,,,,,,,,,,,,,,,,,,,,,,,,,,,,,,,,,,,,,,,,,,,,,,,,,,,,,,,,,,,,,,,,,,,,
,,,,,상대계좌번호,,,,2,2,,,,,,,,,,,,,,,0,0,,,,,,,,,,,,,,,,,,,,,,,,,,,,,,,,,,,,,,,,,,,,,,,,,,,,,,,,,,,,,,,,,,,,,,,,,,,,,,,,,,,,,,,,,,,,,,
,,,,,계좌번호확장,,,,,2,,,,,,,,,,,,,,,0,0,,,,,,,,,,,,,,,,,,,,,,,,,,,,,,,,,,,,,,,,,,,,,,,,,,,,,,,,,,,,,,,,,,,,,,,,,,,,,,,,,,,,,,,,,,,,,,
,,,,,,,,,,,,,,,,,,,,,,,,,,,,,,,,,,,,,,,,,,,,,,,,,,,,,,,,,,,,,,,,,,,,,,,,,,,,,,,,,,,,,,,,,,,,,,,,,,,,,,,,,,,,,,,,,,,,,,,,
,,,,,,,,,,,,,,,,,,,,,,,,,,,,,,,,,,,,,,,,,,,,,,,,,,,,,,,,,,,,,,,,,,,,,,,,,,,,,,,,,,,,,,,,,,,,,,,,,,,,,,,,,,,,,,,,,,,,,,,,
,,조회항목,,,,,,,,,,,,,,,,,,,,,,,,,,,,,,,,,,,,,,,,,,,,,,,,,,,,,,,,,,,,,,,,,,,,,,,,,,,,,,,,,,,,,,,,,,,,,,,,,,,,,,,,,,,,,,,,,,,,,,
,,,기재사항1,,,,적요,적요,거래내용,거래내용,보낸분/받는분,출금계좌메모 or 보낸분/받는분,보낸분/받는분,입금계좌(타행계좌),거래기록사항,거래기록사항,기재내용,기재내용,적요,거래메모,적요,설명,내용,내용,적요,적요,비고,비고,내용,기재내용,내용,적요,거래내용,거래내용,적요,적요,적요,적요,내용,내용,내역,내역,적요,적요,적요1,거래기록사항,내용,거래구분,통장표시내용,적요,적요,적요,적요,적요,적요,적요,적요,적요,적요,적요,적요,적요,적요,적요,적요,적요,적요,적요,적요,적요,적요,적요,적요,적요,적요,적요,기록사항,적요,거래유형,"보낸분/
받는분",비고,적요,적요(통장메모),적요(통장메모),적요,적요,적요,적요,송금메모,거래구분,,적요,적요,적요,적요,적요,적요,적요,적요,적요,적요,적요,적요,적요,적요,적요,적요,적요,적요,적요,적요,적요,적요,적요,"적요
(없으면 거래유형)",적요,기록사항,적요,적요,적요
,,,기재사항2,,,,,,거래구분,,,보낸분/받는분,,,거래내용,거래내용,,,내역,내역,,,,적요,,자원,메모,메모,,메모내용,,거래구분,,,,,거래종류,거래종류,적요,적요,,,구분,구분,적요,,,입금통장표시,,구분,,,,,,,,,,,,,,,,,,,,,,,,,,,,구분1,적요,,,,보내는분/받는분,보내는분/받는분,,,,,"보낸분/
받는분","보낸분/
받는분",,,,,,,,,,,,,,,,,,,,,,,,,,,,,,
,,,거래수단1,,,,거래점,거래점,상대은행,거래구분,처리점,처리점,입출금은행,입출금은행,거래점,거래점,취급점,취급점,거래점,영업점,거래점,,거래점,거래점명,,처리점,거래점,거래점,거래점,거래점,구분,입/출금,거래점,거래점,취급은행,취급은행,취급점,취급점,비고,비고,거래국,거래국,거래점,거래점,취급점,거래점,거래점,,거래구분,,,,,,,,,,,,,,,,,,,,,,,,,,,,,구분2,거래지점,거래점,거래점,,,,,,,,거래구분,,,,,,,,,,,,,,,,,,,,,,,,,,처리지점,,거래점,,,
,,,거래수단2,,,,,,,상대은행,적요,적요,방법,방법,,이체메모,적요,적요,,,통지거래형태,,적요,,거래구분,거래구분,거래종류,거래종류,적요,적요,,처리결과,적요,적요,지점,지점,메모내용,메모내용,,,적요,적요,,의뢰인/수취인,거래구분,거래종류,거래종류,,,,,,,,,,,,,,,,,,,,,,,,,,,,,,,,,적요,,,,,,,,,거래점,,,,,,,,,,,,,,,,,,,,,,,,,,,,,,,
,,,거래수단3,,,,,,,,,,,,,,,,,,,,,,,,,,,,,취급점,,,,,,,,,,,,,,,,,,,,,,,,,,,,,,,,,,,,,,,,,,,,,,,,,,,,,,,,,,,,,,,,,,,,,,,,,,,,,,,,,,,,,,,,
,,,,,,,,,,,,,,,,,,,,,,,,,,,,,,,,,,,,,,,,,,,,,,,,,,,,,,,,,,,,,,,,,,,,,,,,,,,,,,,,,,,,,,,,,,,,,,,,,,,,,,,,,,,,,,,,,,,,,,,,
,,,주,,,,,,,,,,,,,,,,,,,,,,,,,,,,,,,,,,,,,,,,,,,,,,,,,,,,,,,,,,,,,,,,,,,,,,,,,,,,,,,,,,,,,,,,,,,,,,,,,,,,,,,,,,,,,,,,,,,,,
,,,,1,조회시작일,"조회시작일 입력 시, 조회종료일 조회 당일로 설정",,,,,,,,,,,,,,,,,,,,,,,,,,,,,,,,,,,,,,,,,,,,,,,,,,,,,,,,,,,,,,,,,,,,,,,,,,,,,,,,,,,,,,,,,,,,,,,,,,,,,,,,,,,,,,,,,,
,,,,2,새마을금고,"조회구분 1: 입금취소건인 경우, 입금액,출금액 '-'붙여서 출력",,,,,,,,,,,,,,,,,,,,,,,,,,,,,,,,,,,,,,,,,,,,,,,,,,,,,,,,,,,,,,,,,,,,,,,,,,,,,,,,,,,,,,,,,,,,,,,,,,,,,,,,,,,,,,,,,,
,,,,3,시티은행,"조회구분 1: 기산일, 조회구분 3: 기본값(사이트 기준), 그 외: 처리일",,,,,,,,,,,,,,,,,,,,,,,,,,,,,,,,,,,,,,,,,,,,,,,,,,,,,,,,,,,,,,,,,,,,,,,,,,,,,,,,,,,,,,,,,,,,,,,,,,,,,,,,,,,,,,,,,,
,,,,4,국민은행,"조회구분 1: 기재사항1 출금계좌메모, 기재사항2 의뢰인/수취인 출력
그 외: 기재사항1 출금계좌메모에 값이 있으면 출금계좌메모 출력, 
없으면 의뢰인명 출력, 기재사항2 미출력",,,,,,,,,,,,,,,,,,,,,,,,,,,,,,,,,,,,,,,,,,,,,,,,,,,,,,,,,,,,,,,,,,,,,,,,,,,,,,,,,,,,,,,,,,,,,,,,,,,,,,,,,,,,,,,,,,
,,,,5,하나은행,"1: 입력된 계좌번호 그대로 조회
그 외: 입력된 계좌번호의 신계좌번호로 매칭 조회",,,,,,,,,,,,,,,,,,,,,,,,,,,,,,,,,,,,,,,,,,,,,,,,,,,,,,,,,,,,,,,,,,,,,,,,,,,,,,,,,,,,,,,,,,,,,,,,,,,,,,,,,,,,,,,,,,
,,,,,,,,,,,,,,,,,,,,,,,,,,,,,,,,,,,,,,,,,,,,,,,,,,,,,,,,,,,,,,,,,,,,,,,,,,,,,,,,,,,,,,,,,,,,,,,,,,,,,,,,,,,,,,,,,,,,,,,,
,,,"*주1: 조회시작일 입력 시, 조회종료일 조회 당일로 설정",,,,,,,,,,,,,,,,,,,,,,,,,,,,,,,,,,,,,,,,,,,,,,,,,,,,,,,,,,,,,,,,,,,,,,,,,,,,,,,,,,,,,,,,,,,,,,,,,,,,,,,,,,,,,,,,,,,,,
,,,,,,,,,,,,,,,,,,,,,,,,,,,,,,,,,,,,,,,,,,,,,,,,,,,,,,,,,,,,,,,,,,,,,,,,,,,,,,,,,,,,,,,,,,,,,,,,,,,,,,,,,,,,,,,,,,,,,,,,
,,,,,,,,,,,,,,,,,,,,,,,,,,,,,,,,,,,,,,,,,,,,,,,,,,,,,,,,,,,,,,,,,,,,,,,,,,,,,,,,,,,,,,,,,,,,,,,,,,,,,,,,,,,,,,,,,,,,,,,,
,,Job: 수시과거거래내역조회,,,,,,,,,,,,,,,,,,,,,,,,,,,,,,,,,,,,,,,,,,,,,,,,,,,,,,,,,,,,,,,,,,,,,,,,,,,,,,,,,,,,,,,,,,,,,,,,,,,,,,,,,,,,,,,,,,,,,,
,,,,,,,,,,,,,,,,,,,,,,,,,,,,,,,,,,,,,,,,,,,,,,,,,,,,,,,,,,,,,,,,,,,,,,,,,,,,,,,,,,,,,,,,,,,,,,,,,,,,,,,,,,,,,,,,,,,,,,,,
,,구분,항   목,,,설   명,기관별,,,,,,,,,,,,,,,,,,,,,,,,,,,,,,,,,,,,,,,,,,,,,,,,,,,,,,,,,,,,,,,,,,,,,,,,,,,,,,,,,,,,,,,,,,,,,,,,,,,,,,,,,,,,,,,,,
,,,기관명,,,,산업,,기업,,국민,,수협,,농협,,우리,,스탠다드차타드,,,,신한,,시티,,대구,,부산,,광주,,제주,,전북,,경남,,새마을,,우체국,,하나,,,신협,,K뱅크,,카카오뱅크,산림조합,"우리금융 
저축은행",우리 저축은행,"스마트
저축은행","금화
저축은행","인성
저축은행","안양 
저축은행","바로
저축은행","부림 
저축은행","JT친애 
저축은행","청주 
저축은행","더블 
저축은행","다올 
저축은행","ST
 저축은행","IBK 
저축은행","인천 
저축은행","진주
 저축은행","한국투자 
저축은행","키움YES 
저축은행","민국
 저축은행","모아
 저축은행","OK 
저축은행","상상인 
저축은행","세람 
저축은행","The-K
 저축은행","융창 
저축은행","BNK 
저축은행","하나 
저축은행","DB 
저축은행","KB 
저축은행","푸른 
저축은행","페퍼
저축은행","SBI 
저축은행",,"신한 
저축은행","JT
저축은행","흥국
저축은행","스카이
저축은행",웰컴저축은행,,"NH
저축은행","예가람
저축은행","유안타
저축은행","조은
저축은행","공평
저축은행","삼정
저축은행","안국
저축은행","남양
저축은행","평택
저축은행","한화
저축은행","고려
저축은행","조흥
저축은행","강원
저축은행","구미
저축은행","드림
저축은행","삼일
저축은행","유니온
저축은행","참
저축은행","대한
저축은행","동양
저축은행","삼호
저축은행","세종
저축은행","아산
저축은행","MS
저축은행","애큐온
저축은행","오투
저축은행","대신
저축은행","HB
저축은행",상상인플러스저축은행,"OSB
저축은행"
,,"입력
(Input)",모듈명(Module),,,,kdb,,ibk,,kbstar,,suhyupbank,,nonghyup,,wooribank,,standardchartered,,,,shinhan,,citibank,,dgb,,busanbank,,kjbank,,jejubank,,jbbank,,knbank,,kfcc,,epostbank,,hanabank,,,cu,,kbank,,"kakao
bank",nfcf,"fsb_a_aju
aju",fsb_a_wooribank,fsb_a_smart,fsb_a_kuemhwa,fsb_a_insung,fsb_a_anyang,fsb_a_baro,fsb_a_bulim,fsb_a_chinae,fsb_a_cjbank,fsb_a_double,fsb_a_hdsb,fsb_a_hisntm,fsb_a_ibksb,fsb_a_incheonbank,fsb_a_jinju,fsb_a_kibank,"fsb_a_kiwoomyes
kiwoomyes",fsb_a_mkb,fsb_a_moa,fsb_a_ok,fsb_a_sangsanginsb,fsb_a_seram,fsb_a_thek,fsb_a_ycbank,fsb_bnksb,fsb_hanasavings,fsb_idbsb,fsb_kbsavings,fsb_prsb,fsb_a_pepper,fsb_sbisb,,fsb_shinhansavings,fsb_a_jt,fsb_a_ehkbank,fsb_a_sky,fsb_welcomebank,,fsb_nhsavings,fsb_a_yegaram,fsb_a_yuanta,fsb_a_choeunbank,fsb_a_gpsavings,fsb_a_sjbank,fsb_a_anguk,fsb_a_nybank,fsb_a_ptbank,fsb_a_hanwhas,fsb_a_goryo,fsb_a_chbank,fsb_a_gangwon,fsb_a_gumibank,fsb_a_dreamsb,fsb_a_samil,fsb_a_unionsb,fsb_a_charm,fsb_a_daehan,fsb_a_dy,fsb_a_samhosb,fsb_a_sejong,fsb_a_asanbank,fsb_a_ms,fsb_acuonsb,fsb_a_o2bank,fsb_daishin,fsb_a_hbsb,fsb_a_sangsanginplussb,fsb_osb
,,,클래스명(Class),,,,개인뱅킹,기업뱅킹,개인뱅킹,기업뱅킹,개인뱅킹,기업뱅킹,개인뱅킹,기업뱅킹,개인뱅킹,기업뱅킹,개인뱅킹,기업뱅킹,개인뱅킹,비스니스뱅킹,S2B,NextGen,개인뱅킹,기업뱅킹,개인뱅킹,기업뱅킹,개인뱅킹,기업뱅킹,개인뱅킹,기업뱅킹,개인뱅킹,기업뱅킹,개인뱅킹,기업뱅킹,개인뱅킹,기업뱅킹,개인뱅킹,기업뱅킹,개인뱅킹,기업뱅킹,개인뱅킹,기업뱅킹,개인뱅킹,기업뱅킹,CMSiNet,개인뱅킹,기업뱅킹,개인뱅킹,기업뱅킹,기업뱅킹,인터넷뱅킹,인터넷뱅킹,인터넷뱅킹,인터넷뱅킹,인터넷뱅킹,인터넷뱅킹,인터넷뱅킹,인터넷뱅킹,인터넷뱅킹,인터넷뱅킹,인터넷뱅킹,인터넷뱅킹,인터넷뱅킹,인터넷뱅킹,인터넷뱅킹,인터넷뱅킹,인터넷뱅킹,인터넷뱅킹,인터넷뱅킹,인터넷뱅킹,인터넷뱅킹,인터넷뱅킹,인터넷뱅킹,인터넷뱅킹,인터넷뱅킹,인터넷뱅킹,인터넷뱅킹,인터넷뱅킹,인터넷뱅킹,인터넷뱅킹,인터넷뱅킹,인터넷뱅킹,개인뱅킹,기업뱅킹,인터넷뱅킹,인터넷뱅킹,기업뱅킹,인터넷뱅킹,개인뱅킹,기업뱅킹,인터넷뱅킹,인터넷뱅킹,인터넷뱅킹,인터넷뱅킹,인터넷뱅킹,인터넷뱅킹,인터넷뱅킹,인터넷뱅킹,인터넷뱅킹,인터넷뱅킹,인터넷뱅킹,인터넷뱅킹,인터넷뱅킹,인터넷뱅킹,인터넷뱅킹,인터넷뱅킹,인터넷뱅킹,인터넷뱅킹,인터넷뱅킹,인터넷뱅킹,인터넷뱅킹,인터넷뱅킹,인터넷뱅킹,인터넷뱅킹,인터넷뱅킹,인터넷뱅킹,인터넷뱅킹,인터넷뱅킹,인터넷뱅킹,인터넷뱅킹
,,,계좌번호,,,,,,,,,,,,,,,1,,,,,,,1,1,,,,,,,,,,,,,,,1,1,,1,,,,,,,,,,,,,,,,,,,,,,,,,,,,,,,,,,,,,,,,,,,,,,,,,,,,,,,,,,,,,,,,,,,,,,,,,,,,
,,,조회구분,,,"1: 신청, 2: 조회",,,,,,,,,,,,0,,,,,,,1(주2),1(주2),,,,,,,,,,,,,,,0,0,,0,,,,,,,,,,,,,,,,,,,,,,,,,,,,,,,,,,,,,,,,,,,,,,,,,,,,,,,,,,,,,,,,,,,,,,,,,,,,
,,,조회시작일,,,,,,,,,,,,,,,1,,,,,,,1,1,,,,,,,,,,,,,,,1,1,,1,,,,,,,,,,,,,,,,,,,,,,,,,,,,,,,,,,,,,,,,,,,,,,,,,,,,,,,,,,,,,,,,,,,,,,,,,,,,
,,,조회종료일,,,,,,,,,,,,,,,1,,,,,,,1,1,,,,,,,,,,,,,,,1,1,,1,,,,,,,,,,,,,,,,,,,,,,,,,,,,,,,,,,,,,,,,,,,,,,,,,,,,,,,,,,,,,,,,,,,,,,,,,,,,
,,,계좌비밀번호,,,,,,,,,,,,,,,0,,,,,,,0,0,,,,,,,,,,,,,,,0,0,,0,,,,,,,,,,,,,,,,,,,,,,,,,,,,,,,,,,,,,,,,,,,,,,,,,,,,,,,,,,,,,,,,,,,,,,,,,,,,
,,,인증서,,,,,,,,,,,,,,,,,,,,,,,,,,,,,,,,,,,,,,,,,,,,,,,,,,,,,,,,,,,,,,,,,,,,,,,,,,,,,,,,,,,,,,,,,,,,,,,,,,,,,,,,,,,,,,,,,,,,,
,,,,이름,,,,,,,,,,,,,,0,,,,,,,0,1(주1),,,,,,,,,,,,,,,0,0,,0,,,,,,,,,,,,,,,,,,,,,,,,,,,,,,,,,,,,,,,,,,,,,,,,,,,,,,,,,,,,,,,,,,,,,,,,,,,,
,,,,만료일자,,,,,,,,,,,,,,0,,,,,,,0,2(주1),,,,,,,,,,,,,,,0,0,,0,,,,,,,,,,,,,,,,,,,,,,,,,,,,,,,,,,,,,,,,,,,,,,,,,,,,,,,,,,,,,,,,,,,,,,,,,,,,
,,,,비밀번호,,,,,,,,,,,,,,0,,,,,,,-1,1(주1),,,,,,,,,,,,,,,0,0,,0,,,,,,,,,,,,,,,,,,,,,,,,,,,,,,,,,,,,,,,,,,,,,,,,,,,,,,,,,,,,,,,,,,,,,,,,,,,,
,,,페이지별건수,,,,,,,,,,,,,,,2,,,,,,,,,,,,,,,,,,,,,,,,2,,0,,,,,,,,,,,,,,,,,,,,,,,,,,,,,,,,,,,,,,,,,,,,,,,,,,,,,,,,,,,,,,,,,,,,,,,,,,,,
,,,,,,,,,,,,,,,,,,,,,,,,,,,,,,,,,,,,,,,,,,,,,,,,,,,,,,,,,,,,,,,,,,,,,,,,,,,,,,,,,,,,,,,,,,,,,,,,,,,,,,,,,,,,,,,,,,,,,,,,
,,"출력
(Output)",,,,,,,,,,,,,,,,,,,,,,,,,,,,,,,,,,,,,,,,,,,,,,,,,,,,,,,,,,,,,,,,,,,,,,,,,,,,,,,,,,,,,,,,,,,,,,,,,,,,,,,,,,,,,,,,,,,,,,
,,,ErrorCode,,,,,,,,,,,,,,,1,,,,,,,1,1,,,,,,,,,,,,,,,1,1,,1,,,,,,,,,,,,,,,,,,,,,,,,,,,,,,,,,,,,,,,,,,,,,,,,,,,,,,,,,,,,,,,,,,,,,,,,,,,,
,,,ErrorMessage,,,,,,,,,,,,,,,2,,,,,,,2,2,,,,,,,,,,,,,,,2,2,,2,,,,,,,,,,,,,,,,,,,,,,,,,,,,,,,,,,,,,,,,,,,,,,,,,,,,,,,,,,,,,,,,,,,,,,,,,,,,
,,,Result,,,,,,,,,,,,,,,1,,,,,,,1,1,,,,,,,,,,,,,,,1,1,,1,,,,,,,,,,,,,,,,,,,,,,,,,,,,,,,,,,,,,,,,,,,,,,,,,,,,,,,,,,,,,,,,,,,,,,,,,,,,
,,,,페이지번호,,,,,,,,,,,,,,2,,,,,,,,,,,,,,,,,,,,,,,,2,,0,,,,,,,,,,,,,,,,,,,,,,,,,,,,,,,,,,,,,,,,,,,,,,,,,,,,,,,,,,,,,,,,,,,,,,,,,,,,
,,,,내역정렬순서,,0: 최신순 / 1: 과거순,,,,,,,,,,,,1,,,,,,,1,1,,,,,,,,,,,,,,,1,1,,1,,,,,,,,,,,,,,,,,,,,,,,,,,,,,,,,,,,,,,,,,,,,,,,,,,,,,,,,,,,,,,,,,,,,,,,,,,,,
,,,,수시과거거래내역조회,,,,,,,,,,,,,,,,,,,,,,,,,,,,,,,,,,,,,,,,,,,,,,,,,,,,,,,,,,,,,,,,,,,,,,,,,,,,,,,,,,,,,,,,,,,,,,,,,,,,,,,,,,,,,,,,,,,,
,,,,,거래일자,,,,,,,,,,,,,1,,,,,,,1,2,,,,,,,,,,,,,,,1,1,,1,,,,,,,,,,,,,,,,,,,,,,,,,,,,,,,,,,,,,,,,,,,,,,,,,,,,,,,,,,,,,,,,,,,,,,,,,,,,
,,,,,거래시각,,,,,,,,,,,,,1,,,,,,,1,2,,,,,,,,,,,,,,,0,0,,1,,,,,,,,,,,,,,,,,,,,,,,,,,,,,,,,,,,,,,,,,,,,,,,,,,,,,,,,,,,,,,,,,,,,,,,,,,,,
,,,,,통화코드,,,,,,,,,,,,,0,,,,,,,1,0,,,,,,,,,,,,,,,1,1,,1,,,,,,,,,,,,,,,,,,,,,,,,,,,,,,,,,,,,,,,,,,,,,,,,,,,,,,,,,,,,,,,,,,,,,,,,,,,,
,,,,,출금액,,,,,,,,,,,,,1,,,,,,,1,1,,,,,,,,,,,,,,,1,1,,1,,,,,,,,,,,,,,,,,,,,,,,,,,,,,,,,,,,,,,,,,,,,,,,,,,,,,,,,,,,,,,,,,,,,,,,,,,,,
,,,,,입금액,,,,,,,,,,,,,1,,,,,,,1,1,,,,,,,,,,,,,,,1,1,,1,,,,,,,,,,,,,,,,,,,,,,,,,,,,,,,,,,,,,,,,,,,,,,,,,,,,,,,,,,,,,,,,,,,,,,,,,,,,
,,,,,거래후잔액,,,,,,,,,,,,,1,,,,,,,1,1,,,,,,,,,,,,,,,1,1,,1,,,,,,,,,,,,,,,,,,,,,,,,,,,,,,,,,,,,,,,,,,,,,,,,,,,,,,,,,,,,,,,,,,,,,,,,,,,,
,,,,,기재사항1,,,,,,,,,,,,,2,,,,,,,2,2,,,,,,,,,,,,,,,2,2,,2,,,,,,,,,,,,,,,,,,,,,,,,,,,,,,,,,,,,,,,,,,,,,,,,,,,,,,,,,,,,,,,,,,,,,,,,,,,,
,,,,,기재사항2,,,,,,,,,,,,,0,,,,,,,0,2,,,,,,,,,,,,,,,0,0,,2,,,,,,,,,,,,,,,,,,,,,,,,,,,,,,,,,,,,,,,,,,,,,,,,,,,,,,,,,,,,,,,,,,,,,,,,,,,,
,,,,,거래수단1,,,,,,,,,,,,,2,,,,,,,0,2,,,,,,,,,,,,,,,0,0,,2,,,,,,,,,,,,,,,,,,,,,,,,,,,,,,,,,,,,,,,,,,,,,,,,,,,,,,,,,,,,,,,,,,,,,,,,,,,,
,,,,,거래수단2,,,,,,,,,,,,,2,,,,,,,2,2,,,,,,,,,,,,,,,0,0,,2,,,,,,,,,,,,,,,,,,,,,,,,,,,,,,,,,,,,,,,,,,,,,,,,,,,,,,,,,,,,,,,,,,,,,,,,,,,,
,,,,,거래수단3,,,,,,,,,,,,,0,,,,,,,,,,,,,,,,,,,,,,,,,,0,,,,,,,,,,,,,,,,,,,,,,,,,,,,,,,,,,,,,,,,,,,,,,,,,,,,,,,,,,,,,,,,,,,,,,,,,,,,
,,,,,계좌번호,,,,,,,,,,,,,1,,,,,,,1,1,,,,,,,,,,,,,,,1,1,,1,,,,,,,,,,,,,,,,,,,,,,,,,,,,,,,,,,,,,,,,,,,,,,,,,,,,,,,,,,,,,,,,,,,,,,,,,,,,
,,,,,상대계좌예금주명,,,,,,,,,,,,,0,,,,,,,,,,,,,,,,,,,,,,,,,,,,,,,,,,,,,,,,,,,,,,,,,,,,,,,,,,,,,,,,,,,,,,,,,,,,,,,,,,,,,,,,,,,,,,,,,,,,,,
,,,,,상대계좌번호,,,,,,,,,,,,,0,,,,,,,,,,,,,,,,,,,,,,,,,,,,,,,,,,,,,,,,,,,,,,,,,,,,,,,,,,,,,,,,,,,,,,,,,,,,,,,,,,,,,,,,,,,,,,,,,,,,,,
,,,,,,,,,,,,,,,,,,,,,,,,,,,,,,,,,,,,,,,,,,,,,,,,,,,,,,,,,,,,,,,,,,,,,,,,,,,,,,,,,,,,,,,,,,,,,,,,,,,,,,,,,,,,,,,,,,,,,,,,
,,,,,,,,,,,,,,,,,,,,,,,,,,,,,,,,,,,,,,,,,,,,,,,,,,,,,,,,,,,,,,,,,,,,,,,,,,,,,,,,,,,,,,,,,,,,,,,,,,,,,,,,,,,,,,,,,,,,,,,,
,,조회항목,,,,,,,,,,,,,,,,,,,,,,,,,,,,,,,,,,,,,,,,,,,,,,,,,,,,,,,,,,,,,,,,,,,,,,,,,,,,,,,,,,,,,,,,,,,,,,,,,,,,,,,,,,,,,,,,,,,,,,
,,,기재사항1,,,,,,,,,,,,,,,기재내용,,,,,,,적요,적요,,,,,,,,,,,,,,,거래내역,내역,,적요,,,,,,,,,,,,,,,,,,,,,,,,,,,,,,,,,,,,,,,,,,,,,,,,,,,,,,,,,,,,,,,,,,,,,,,,,,,,
,,,기재사항2,,,,,,,,,,,,,,,,,,,,,,-,자원,,,,,,,,,,,,,,,,,,구분,,,,,,,,,,,,,,,,,,,,,,,,,,,,,,,,,,,,,,,,,,,,,,,,,,,,,,,,,,,,,,,,,,,,,,,,,,,,
,,,거래수단1,,,,,,,,,,,,,,,취급점,,,,,,,-,처리점,,,,,,,,,,,,,,,,,,거래점,,,,,,,,,,,,,,,,,,,,,,,,,,,,,,,,,,,,,,,,,,,,,,,,,,,,,,,,,,,,,,,,,,,,,,,,,,,,
,,,거래수단2,,,,,,,,,,,,,,,적요,,,,,,,거래구분,거래구분,,,,,,,,,,,,,,,,,,의뢰인/수취인,,,,,,,,,,,,,,,,,,,,,,,,,,,,,,,,,,,,,,,,,,,,,,,,,,,,,,,,,,,,,,,,,,,,,,,,,,,,
,,,거래수단3,,,,,,,,,,,,,,,,,,,,,,,,,,,,,,,,,,,,,,,,,,,,,,,,,,,,,,,,,,,,,,,,,,,,,,,,,,,,,,,,,,,,,,,,,,,,,,,,,,,,,,,,,,,,,,,,,,,,,
,,,,,,,,,,,,,,,,,,,,,,,,,,,,,,,,,,,,,,,,,,,,,,,,,,,,,,,,,,,,,,,,,,,,,,,,,,,,,,,,,,,,,,,,,,,,,,,,,,,,,,,,,,,,,,,,,,,,,,,,
,,,"*주1: 시티은행 기업뱅킹 OTP입력, 전자서명 필수.",,,,,,,,,,,,,,,,,,,,,,,,,,,,,,,,,,,,,,,,,,,,,,,,,,,,,,,,,,,,,,,,,,,,,,,,,,,,,,,,,,,,,,,,,,,,,,,,,,,,,,,,,,,,,,,,,,,,,
,,,"*주2: 시티은행 개인/기업뱅킹 조회구분 2(조회) 조회시, 조회구분 1(신청)이 선행 되어야함",,,,,,,,,,,,,,,,,,,,,,,,,,,,,,,,,,,,,,,,,,,,,,,,,,,,,,,,,,,,,,,,,,,,,,,,,,,,,,,,,,,,,,,,,,,,,,,,,,,,,,,,,,,,,,,,,,,,,